Timestamp,InstanceType,ProductDescription,SpotPrice,AvailabilityZone
2023-12-30 21:17:02+00:00,c5a.2xlarge,Linux/UNIX,0.156700,us-east-1e
2023-12-30 21:02:57+00:00,c5a.2xlarge,Linux/UNIX,0.169600,us-east-1c
2023-12-30 21:02:57+00:00,c5a.2xlarge,Linux/UNIX,0.184800,us-east-1d
2023-12-30 19:16:57+00:00,c5a.2xlarge,Linux/UNIX,0.196400,us-east-1b
2023-12-30 17:02:21+00:00,c5a.2xlarge,Linux/UNIX,0.184700,us-east-1d
2023-12-30 16:32:24+00:00,c5a.2xlarge,Linux/UNIX,0.169400,us-east-1c
2023-12-30 14:47:31+00:00,c5a.2xlarge,Linux/UNIX,0.195900,us-east-1b
2023-12-30 13:32:23+00:00,c5a.2xlarge,Linux/UNIX,0.154400,us-east-1f
2023-12-30 12:47:28+00:00,c5a.2xlarge,Linux/UNIX,0.156200,us-east-1e
2023-12-30 11:03:03+00:00,c5a.2xlarge,Linux/UNIX,0.195700,us-east-1b
2023-12-30 10:02:32+00:00,c5a.2xlarge,Linux/UNIX,0.169100,us-east-1c
2023-12-30 10:02:32+00:00,c5a.2xlarge,Linux/UNIX,0.184600,us-east-1d
2023-12-30 06:02:47+00:00,c5a.2xlarge,Linux/UNIX,0.195600,us-east-1b
2023-12-30 06:02:47+00:00,c5a.2xlarge,Linux/UNIX,0.156000,us-east-1e
2023-12-30 05:49:03+00:00,c5a.2xlarge,Linux/UNIX,0.184400,us-east-1d
2023-12-30 04:17:28+00:00,c5a.2xlarge,Linux/UNIX,0.168800,us-east-1c
2023-12-30 02:17:45+00:00,c5a.2xlarge,Linux/UNIX,0.195300,us-east-1b
2023-12-29 23:02:29+00:00,c5a.2xlarge,Linux/UNIX,0.168500,us-east-1c
2023-12-29 23:02:29+00:00,c5a.2xlarge,Linux/UNIX,0.154000,us-east-1f
2023-12-29 22:32:49+00:00,c5a.2xlarge,Linux/UNIX,0.156100,us-east-1e
2023-12-29 20:47:02+00:00,c5a.2xlarge,Linux/UNIX,0.194800,us-east-1b
2023-12-29 20:47:02+00:00,c5a.2xlarge,Linux/UNIX,0.184000,us-east-1d
2023-12-29 19:02:07+00:00,c5a.2xlarge,Linux/UNIX,0.168400,us-east-1c
2023-12-29 15:17:35+00:00,c5a.2xlarge,Linux/UNIX,0.156500,us-east-1e
2023-12-29 14:47:24+00:00,c5a.2xlarge,Linux/UNIX,0.194300,us-east-1b
2023-12-29 11:32:29+00:00,c5a.2xlarge,Linux/UNIX,0.183800,us-east-1d
2023-12-29 11:17:21+00:00,c5a.2xlarge,Linux/UNIX,0.168200,us-east-1c
2023-12-29 09:02:26+00:00,c5a.2xlarge,Linux/UNIX,0.157700,us-east-1e
2023-12-29 08:31:54+00:00,c5a.2xlarge,Linux/UNIX,0.193900,us-east-1b
2023-12-29 07:17:51+00:00,c5a.2xlarge,Linux/UNIX,0.154100,us-east-1f
2023-12-29 05:17:15+00:00,c5a.2xlarge,Linux/UNIX,0.183300,us-east-1d
2023-12-29 04:47:32+00:00,c5a.2xlarge,Linux/UNIX,0.193400,us-east-1b
2023-12-29 04:32:36+00:00,c5a.2xlarge,Linux/UNIX,0.158400,us-east-1e
2023-12-29 04:02:33+00:00,c5a.2xlarge,Linux/UNIX,0.167900,us-east-1c
2023-12-29 02:02:26+00:00,c5a.2xlarge,Linux/UNIX,0.154200,us-east-1f
2023-12-29 01:32:27+00:00,c5a.2xlarge,Linux/UNIX,0.183000,us-east-1d
2023-12-28 21:02:44+00:00,c5a.2xlarge,Linux/UNIX,0.182500,us-east-1d
2023-12-28 20:47:28+00:00,c5a.2xlarge,Linux/UNIX,0.157600,us-east-1e
2023-12-28 20:02:29+00:00,c5a.2xlarge,Linux/UNIX,0.153600,us-east-1f
2023-12-28 20:02:29+00:00,c5a.2xlarge,Linux/UNIX,0.193300,us-east-1b
2023-12-28 19:17:26+00:00,c5a.2xlarge,Linux/UNIX,0.167600,us-east-1c
2023-12-28 17:47:33+00:00,c5a.2xlarge,Linux/UNIX,0.182000,us-east-1d
2023-12-28 16:03:57+00:00,c5a.2xlarge,Linux/UNIX,0.153300,us-east-1f
2023-12-28 15:18:57+00:00,c5a.2xlarge,Linux/UNIX,0.192900,us-east-1b
2023-12-28 12:47:40+00:00,c5a.2xlarge,Linux/UNIX,0.156900,us-east-1e
2023-12-28 12:17:43+00:00,c5a.2xlarge,Linux/UNIX,0.167300,us-east-1c
2023-12-28 11:32:31+00:00,c5a.2xlarge,Linux/UNIX,0.192800,us-east-1b
2023-12-28 10:32:24+00:00,c5a.2xlarge,Linux/UNIX,0.153200,us-east-1f
2023-12-28 09:32:29+00:00,c5a.2xlarge,Linux/UNIX,0.181600,us-east-1d
2023-12-28 08:32:26+00:00,c5a.2xlarge,Linux/UNIX,0.192700,us-east-1b
2023-12-28 06:17:26+00:00,c5a.2xlarge,Linux/UNIX,0.153000,us-east-1f
2023-12-28 05:02:34+00:00,c5a.2xlarge,Linux/UNIX,0.181200,us-east-1d
2023-12-28 04:47:26+00:00,c5a.2xlarge,Linux/UNIX,0.158300,us-east-1e
2023-12-28 03:47:19+00:00,c5a.2xlarge,Linux/UNIX,0.167200,us-east-1c
2023-12-28 03:32:46+00:00,c5a.2xlarge,Linux/UNIX,0.192200,us-east-1b
2023-12-28 00:32:01+00:00,c5a.2xlarge,Linux/UNIX,0.166900,us-east-1c
2023-12-28 00:03:57+00:00,c5a.2xlarge,Linux/UNIX,0.192000,us-east-1b
2023-12-27 23:32:44+00:00,c5a.2xlarge,Linux/UNIX,0.158000,us-east-1e
2023-12-27 22:32:58+00:00,c5a.2xlarge,Linux/UNIX,0.153100,us-east-1f
2023-12-27 21:17:48+00:00,c5a.2xlarge,Linux/UNIX,0.180900,us-east-1d
2023-12-27 20:47:53+00:00,c5a.2xlarge,Linux/UNIX,0.166600,us-east-1c
2023-12-27 18:32:27+00:00,c5a.2xlarge,Linux/UNIX,0.152300,us-east-1f
2023-12-27 18:32:27+00:00,c5a.2xlarge,Linux/UNIX,0.157300,us-east-1e
2023-12-27 18:02:07+00:00,c5a.2xlarge,Linux/UNIX,0.191600,us-east-1b
2023-12-27 14:47:27+00:00,c5a.2xlarge,Linux/UNIX,0.180600,us-east-1d
2023-12-27 13:02:32+00:00,c5a.2xlarge,Linux/UNIX,0.153100,us-east-1f
2023-12-27 12:32:27+00:00,c5a.2xlarge,Linux/UNIX,0.166400,us-east-1c
2023-12-27 10:03:54+00:00,c5a.2xlarge,Linux/UNIX,0.191100,us-east-1b
2023-12-27 09:47:25+00:00,c5a.2xlarge,Linux/UNIX,0.157600,us-east-1e
2023-12-27 06:32:28+00:00,c5a.2xlarge,Linux/UNIX,0.180400,us-east-1d
2023-12-27 05:48:33+00:00,c5a.2xlarge,Linux/UNIX,0.166200,us-east-1c
2023-12-27 05:02:26+00:00,c5a.2xlarge,Linux/UNIX,0.157500,us-east-1e
2023-12-27 04:17:34+00:00,c5a.2xlarge,Linux/UNIX,0.153400,us-east-1f
2023-12-27 01:17:55+00:00,c5a.2xlarge,Linux/UNIX,0.190600,us-east-1b
2023-12-27 00:47:02+00:00,c5a.2xlarge,Linux/UNIX,0.166000,us-east-1c
2023-12-26 22:02:26+00:00,c5a.2xlarge,Linux/UNIX,0.180100,us-east-1d
2023-12-26 21:02:35+00:00,c5a.2xlarge,Linux/UNIX,0.157600,us-east-1e
2023-12-26 20:47:44+00:00,c5a.2xlarge,Linux/UNIX,0.165700,us-east-1c
2023-12-26 19:47:01+00:00,c5a.2xlarge,Linux/UNIX,0.153000,us-east-1f
2023-12-26 19:47:01+00:00,c5a.2xlarge,Linux/UNIX,0.190200,us-east-1b
2023-12-26 14:17:39+00:00,c5a.2xlarge,Linux/UNIX,0.157300,us-east-1e
2023-12-26 13:31:54+00:00,c5a.2xlarge,Linux/UNIX,0.179900,us-east-1d
2023-12-26 12:02:00+00:00,c5a.2xlarge,Linux/UNIX,0.165300,us-east-1c
2023-12-26 11:32:27+00:00,c5a.2xlarge,Linux/UNIX,0.153300,us-east-1f
2023-12-26 10:17:33+00:00,c5a.2xlarge,Linux/UNIX,0.179500,us-east-1d
2023-12-26 09:17:31+00:00,c5a.2xlarge,Linux/UNIX,0.157000,us-east-1e
2023-12-26 04:01:56+00:00,c5a.2xlarge,Linux/UNIX,0.179400,us-east-1d
2023-12-26 03:32:16+00:00,c5a.2xlarge,Linux/UNIX,0.190100,us-east-1b
2023-12-26 03:17:31+00:00,c5a.2xlarge,Linux/UNIX,0.157400,us-east-1e
2023-12-26 02:32:31+00:00,c5a.2xlarge,Linux/UNIX,0.153800,us-east-1f
2023-12-26 00:17:35+00:00,c5a.2xlarge,Linux/UNIX,0.165100,us-east-1c
2023-12-25 22:17:13+00:00,c5a.2xlarge,Linux/UNIX,0.158500,us-east-1e
2023-12-25 20:31:54+00:00,c5a.2xlarge,Linux/UNIX,0.189700,us-east-1b
2023-12-25 20:31:54+00:00,c5a.2xlarge,Linux/UNIX,0.179000,us-east-1d
2023-12-25 20:17:09+00:00,c5a.2xlarge,Linux/UNIX,0.153700,us-east-1f
2023-12-25 20:01:58+00:00,c5a.2xlarge,Linux/UNIX,0.165000,us-east-1c
2023-12-25 16:02:29+00:00,c5a.2xlarge,Linux/UNIX,0.178900,us-east-1d
2023-12-25 14:32:34+00:00,c5a.2xlarge,Linux/UNIX,0.157500,us-east-1e
2023-12-25 13:17:24+00:00,c5a.2xlarge,Linux/UNIX,0.189600,us-east-1b
2023-12-25 13:01:59+00:00,c5a.2xlarge,Linux/UNIX,0.164800,us-east-1c
2023-12-25 12:17:35+00:00,c5a.2xlarge,Linux/UNIX,0.155600,us-east-1f
2023-12-25 09:47:35+00:00,c5a.2xlarge,Linux/UNIX,0.157300,us-east-1e
2023-12-25 09:17:24+00:00,c5a.2xlarge,Linux/UNIX,0.178800,us-east-1d
2023-12-25 09:02:36+00:00,c5a.2xlarge,Linux/UNIX,0.154700,us-east-1f
2023-12-25 08:01:59+00:00,c5a.2xlarge,Linux/UNIX,0.164500,us-east-1c
2023-12-25 06:32:36+00:00,c5a.2xlarge,Linux/UNIX,0.189300,us-east-1b
2023-12-25 03:02:30+00:00,c5a.2xlarge,Linux/UNIX,0.189000,us-east-1b
2023-12-25 02:47:29+00:00,c5a.2xlarge,Linux/UNIX,0.164200,us-east-1c
2023-12-25 02:18:56+00:00,c5a.2xlarge,Linux/UNIX,0.153900,us-east-1f
2023-12-25 01:32:32+00:00,c5a.2xlarge,Linux/UNIX,0.157900,us-east-1e
2023-12-25 00:32:37+00:00,c5a.2xlarge,Linux/UNIX,0.178200,us-east-1d
2023-12-24 23:31:55+00:00,c5a.2xlarge,Linux/UNIX,0.188600,us-east-1b
2023-12-24 21:03:16+00:00,c5a.2xlarge,Linux/UNIX,0.157300,us-east-1e
2023-12-24 20:33:32+00:00,c5a.2xlarge,Linux/UNIX,0.164100,us-east-1c
2023-12-24 19:32:25+00:00,c5a.2xlarge,Linux/UNIX,0.153300,us-east-1f
2023-12-24 19:17:29+00:00,c5a.2xlarge,Linux/UNIX,0.178000,us-east-1d
2023-12-24 17:47:28+00:00,c5a.2xlarge,Linux/UNIX,0.157000,us-east-1e
2023-12-24 17:19:43+00:00,c5a.2xlarge,Linux/UNIX,0.188500,us-east-1b
2023-12-24 15:32:26+00:00,c5a.2xlarge,Linux/UNIX,0.163800,us-east-1c
2023-12-24 14:32:34+00:00,c5a.2xlarge,Linux/UNIX,0.177600,us-east-1d
2023-12-24 13:32:00+00:00,c5a.2xlarge,Linux/UNIX,0.188200,us-east-1b
2023-12-24 11:02:28+00:00,c5a.2xlarge,Linux/UNIX,0.152600,us-east-1f
2023-12-24 10:17:36+00:00,c5a.2xlarge,Linux/UNIX,0.157400,us-east-1e
2023-12-24 08:02:58+00:00,c5a.2xlarge,Linux/UNIX,0.177100,us-east-1d
2023-12-24 06:47:33+00:00,c5a.2xlarge,Linux/UNIX,0.163700,us-east-1c
2023-12-24 06:33:55+00:00,c5a.2xlarge,Linux/UNIX,0.152100,us-east-1f
2023-12-24 05:46:53+00:00,c5a.2xlarge,Linux/UNIX,0.187800,us-east-1b
2023-12-24 02:32:27+00:00,c5a.2xlarge,Linux/UNIX,0.187600,us-east-1b
2023-12-24 02:17:34+00:00,c5a.2xlarge,Linux/UNIX,0.151700,us-east-1f
2023-12-24 02:17:34+00:00,c5a.2xlarge,Linux/UNIX,0.156900,us-east-1e
2023-12-24 01:47:32+00:00,c5a.2xlarge,Linux/UNIX,0.163400,us-east-1c
2023-12-24 00:47:40+00:00,c5a.2xlarge,Linux/UNIX,0.176800,us-east-1d
2023-12-23 22:02:12+00:00,c5a.2xlarge,Linux/UNIX,0.187400,us-east-1b
2023-12-23 18:47:49+00:00,c5a.2xlarge,Linux/UNIX,0.151200,us-east-1f
2023-12-23 17:47:31+00:00,c5a.2xlarge,Linux/UNIX,0.163200,us-east-1c
2023-12-23 17:47:31+00:00,c5a.2xlarge,Linux/UNIX,0.156400,us-east-1e
2023-12-23 15:47:29+00:00,c5a.2xlarge,Linux/UNIX,0.176500,us-east-1d
2023-12-23 13:47:12+00:00,c5a.2xlarge,Linux/UNIX,0.187100,us-east-1b
2023-12-23 13:02:32+00:00,c5a.2xlarge,Linux/UNIX,0.150200,us-east-1f
2023-12-23 11:47:26+00:00,c5a.2xlarge,Linux/UNIX,0.155900,us-east-1e
2023-12-23 11:17:10+00:00,c5a.2xlarge,Linux/UNIX,0.162900,us-east-1c
2023-12-23 10:32:31+00:00,c5a.2xlarge,Linux/UNIX,0.176200,us-east-1d
2023-12-23 06:32:09+00:00,c5a.2xlarge,Linux/UNIX,0.156100,us-east-1e
2023-12-23 05:02:24+00:00,c5a.2xlarge,Linux/UNIX,0.162700,us-east-1c
2023-12-23 04:17:31+00:00,c5a.2xlarge,Linux/UNIX,0.148900,us-east-1f
2023-12-23 02:32:15+00:00,c5a.2xlarge,Linux/UNIX,0.186700,us-east-1b
2023-12-22 23:47:42+00:00,c5a.2xlarge,Linux/UNIX,0.162200,us-east-1c
2023-12-22 22:47:45+00:00,c5a.2xlarge,Linux/UNIX,0.150100,us-east-1f
2023-12-22 22:17:01+00:00,c5a.2xlarge,Linux/UNIX,0.155700,us-east-1e
2023-12-22 22:17:01+00:00,c5a.2xlarge,Linux/UNIX,0.176100,us-east-1d
2023-12-22 20:17:10+00:00,c5a.2xlarge,Linux/UNIX,0.161800,us-east-1c
2023-12-22 18:17:34+00:00,c5a.2xlarge,Linux/UNIX,0.157200,us-east-1e
2023-12-22 18:02:04+00:00,c5a.2xlarge,Linux/UNIX,0.186300,us-east-1b
2023-12-22 18:02:04+00:00,c5a.2xlarge,Linux/UNIX,0.175600,us-east-1d
2023-12-22 17:47:02+00:00,c5a.2xlarge,Linux/UNIX,0.149200,us-east-1f
2023-12-22 13:17:29+00:00,c5a.2xlarge,Linux/UNIX,0.161500,us-east-1c
2023-12-22 12:34:02+00:00,c5a.2xlarge,Linux/UNIX,0.156700,us-east-1e
2023-12-22 06:47:41+00:00,c5a.2xlarge,Linux/UNIX,0.150200,us-east-1f
2023-12-22 06:17:37+00:00,c5a.2xlarge,Linux/UNIX,0.161100,us-east-1c
2023-12-22 04:17:12+00:00,c5a.2xlarge,Linux/UNIX,0.175400,us-east-1d
2023-12-22 03:32:33+00:00,c5a.2xlarge,Linux/UNIX,0.157600,us-east-1e
2023-12-22 00:32:02+00:00,c5a.2xlarge,Linux/UNIX,0.186000,us-east-1b
2023-12-21 23:02:05+00:00,c5a.2xlarge,Linux/UNIX,0.161000,us-east-1c
2023-12-21 22:02:36+00:00,c5a.2xlarge,Linux/UNIX,0.149500,us-east-1f
2023-12-21 20:17:19+00:00,c5a.2xlarge,Linux/UNIX,0.174900,us-east-1d
2023-12-21 19:32:11+00:00,c5a.2xlarge,Linux/UNIX,0.160700,us-east-1c
2023-12-21 19:17:56+00:00,c5a.2xlarge,Linux/UNIX,0.156800,us-east-1e
2023-12-21 17:18:12+00:00,c5a.2xlarge,Linux/UNIX,0.185400,us-east-1b
2023-12-21 15:17:06+00:00,c5a.2xlarge,Linux/UNIX,0.160300,us-east-1c
2023-12-21 12:32:40+00:00,c5a.2xlarge,Linux/UNIX,0.174400,us-east-1d
2023-12-21 12:17:31+00:00,c5a.2xlarge,Linux/UNIX,0.156000,us-east-1e
2023-12-21 08:02:01+00:00,c5a.2xlarge,Linux/UNIX,0.160200,us-east-1c
2023-12-21 07:47:30+00:00,c5a.2xlarge,Linux/UNIX,0.185000,us-east-1b
2023-12-21 06:02:36+00:00,c5a.2xlarge,Linux/UNIX,0.148900,us-east-1f
2023-12-21 04:32:32+00:00,c5a.2xlarge,Linux/UNIX,0.156300,us-east-1e
2023-12-21 03:02:09+00:00,c5a.2xlarge,Linux/UNIX,0.174300,us-east-1d
2023-12-21 02:02:30+00:00,c5a.2xlarge,Linux/UNIX,0.184900,us-east-1b
2023-12-20 23:32:36+00:00,c5a.2xlarge,Linux/UNIX,0.148200,us-east-1f
2023-12-20 23:17:38+00:00,c5a.2xlarge,Linux/UNIX,0.160000,us-east-1c
2023-12-20 22:47:06+00:00,c5a.2xlarge,Linux/UNIX,0.184700,us-east-1b
2023-12-20 21:17:49+00:00,c5a.2xlarge,Linux/UNIX,0.155600,us-east-1e
2023-12-20 18:17:03+00:00,c5a.2xlarge,Linux/UNIX,0.173700,us-east-1d
2023-12-20 16:32:37+00:00,c5a.2xlarge,Linux/UNIX,0.159700,us-east-1c
2023-12-20 16:02:31+00:00,c5a.2xlarge,Linux/UNIX,0.148000,us-east-1f
2023-12-20 15:02:01+00:00,c5a.2xlarge,Linux/UNIX,0.184500,us-east-1b
2023-12-20 14:02:38+00:00,c5a.2xlarge,Linux/UNIX,0.155100,us-east-1e
2023-12-20 12:02:30+00:00,c5a.2xlarge,Linux/UNIX,0.173400,us-east-1d
2023-12-20 11:17:22+00:00,c5a.2xlarge,Linux/UNIX,0.148500,us-east-1f
2023-12-20 10:32:02+00:00,c5a.2xlarge,Linux/UNIX,0.159400,us-east-1c
2023-12-20 09:02:33+00:00,c5a.2xlarge,Linux/UNIX,0.184000,us-east-1b
2023-12-20 07:17:11+00:00,c5a.2xlarge,Linux/UNIX,0.173000,us-east-1d
2023-12-20 05:32:37+00:00,c5a.2xlarge,Linux/UNIX,0.154400,us-east-1e
2023-12-20 04:47:12+00:00,c5a.2xlarge,Linux/UNIX,0.183900,us-east-1b
2023-12-20 03:47:32+00:00,c5a.2xlarge,Linux/UNIX,0.147900,us-east-1f
2023-12-20 02:17:36+00:00,c5a.2xlarge,Linux/UNIX,0.154300,us-east-1e
2023-12-20 00:47:04+00:00,c5a.2xlarge,Linux/UNIX,0.159100,us-east-1c
2023-12-20 00:02:05+00:00,c5a.2xlarge,Linux/UNIX,0.172600,us-east-1d
2023-12-19 21:17:37+00:00,c5a.2xlarge,Linux/UNIX,0.183800,us-east-1b
2023-12-19 19:32:48+00:00,c5a.2xlarge,Linux/UNIX,0.154000,us-east-1e
2023-12-19 16:32:12+00:00,c5a.2xlarge,Linux/UNIX,0.158800,us-east-1c
2023-12-19 15:02:09+00:00,c5a.2xlarge,Linux/UNIX,0.172400,us-east-1d
2023-12-19 14:02:36+00:00,c5a.2xlarge,Linux/UNIX,0.147600,us-east-1f
2023-12-19 13:47:13+00:00,c5a.2xlarge,Linux/UNIX,0.183200,us-east-1b
2023-12-19 11:32:12+00:00,c5a.2xlarge,Linux/UNIX,0.154200,us-east-1e
2023-12-19 10:47:47+00:00,c5a.2xlarge,Linux/UNIX,0.158400,us-east-1c
2023-12-19 09:32:08+00:00,c5a.2xlarge,Linux/UNIX,0.147500,us-east-1f
2023-12-19 09:17:37+00:00,c5a.2xlarge,Linux/UNIX,0.172300,us-east-1d
2023-12-19 08:47:16+00:00,c5a.2xlarge,Linux/UNIX,0.183000,us-east-1b
2023-12-19 08:17:05+00:00,c5a.2xlarge,Linux/UNIX,0.155900,us-east-1e
2023-12-19 05:47:05+00:00,c5a.2xlarge,Linux/UNIX,0.158100,us-east-1c
2023-12-19 03:02:39+00:00,c5a.2xlarge,Linux/UNIX,0.146800,us-east-1f
2023-12-19 03:02:39+00:00,c5a.2xlarge,Linux/UNIX,0.182800,us-east-1b
2023-12-19 01:02:13+00:00,c5a.2xlarge,Linux/UNIX,0.171900,us-east-1d
2023-12-19 00:47:44+00:00,c5a.2xlarge,Linux/UNIX,0.157900,us-east-1e
2023-12-18 23:02:09+00:00,c5a.2xlarge,Linux/UNIX,0.157700,us-east-1c
2023-12-18 19:02:43+00:00,c5a.2xlarge,Linux/UNIX,0.159200,us-east-1e
2023-12-18 18:17:15+00:00,c5a.2xlarge,Linux/UNIX,0.157300,us-east-1c
2023-12-18 18:02:38+00:00,c5a.2xlarge,Linux/UNIX,0.145700,us-east-1f
2023-12-18 17:32:38+00:00,c5a.2xlarge,Linux/UNIX,0.171500,us-east-1d
2023-12-18 14:17:57+00:00,c5a.2xlarge,Linux/UNIX,0.182600,us-east-1b
2023-12-18 12:02:05+00:00,c5a.2xlarge,Linux/UNIX,0.171300,us-east-1d
2023-12-18 11:32:42+00:00,c5a.2xlarge,Linux/UNIX,0.144900,us-east-1f
2023-12-18 11:32:42+00:00,c5a.2xlarge,Linux/UNIX,0.160900,us-east-1e
2023-12-18 06:32:35+00:00,c5a.2xlarge,Linux/UNIX,0.182500,us-east-1b
2023-12-18 05:47:10+00:00,c5a.2xlarge,Linux/UNIX,0.156900,us-east-1c
2023-12-18 04:17:36+00:00,c5a.2xlarge,Linux/UNIX,0.160800,us-east-1e
2023-12-18 04:02:09+00:00,c5a.2xlarge,Linux/UNIX,0.144400,us-east-1f
2023-12-18 00:47:07+00:00,c5a.2xlarge,Linux/UNIX,0.182000,us-east-1b
2023-12-18 00:32:07+00:00,c5a.2xlarge,Linux/UNIX,0.156600,us-east-1c
2023-12-17 22:32:42+00:00,c5a.2xlarge,Linux/UNIX,0.170800,us-east-1d
2023-12-17 21:47:45+00:00,c5a.2xlarge,Linux/UNIX,0.160500,us-east-1e
2023-12-17 21:32:39+00:00,c5a.2xlarge,Linux/UNIX,0.181700,us-east-1b
2023-12-17 19:17:58+00:00,c5a.2xlarge,Linux/UNIX,0.144300,us-east-1f
2023-12-17 16:47:12+00:00,c5a.2xlarge,Linux/UNIX,0.169900,us-east-1d
2023-12-17 14:32:13+00:00,c5a.2xlarge,Linux/UNIX,0.162600,us-east-1e
2023-12-17 13:02:08+00:00,c5a.2xlarge,Linux/UNIX,0.156200,us-east-1c
2023-12-17 12:32:05+00:00,c5a.2xlarge,Linux/UNIX,0.181400,us-east-1b
2023-12-17 12:02:07+00:00,c5a.2xlarge,Linux/UNIX,0.143700,us-east-1f
2023-12-17 10:02:05+00:00,c5a.2xlarge,Linux/UNIX,0.162000,us-east-1e
2023-12-17 08:02:08+00:00,c5a.2xlarge,Linux/UNIX,0.169600,us-east-1d
2023-12-17 07:17:05+00:00,c5a.2xlarge,Linux/UNIX,0.180900,us-east-1b
2023-12-17 05:17:47+00:00,c5a.2xlarge,Linux/UNIX,0.161500,us-east-1e
2023-12-17 04:02:03+00:00,c5a.2xlarge,Linux/UNIX,0.168800,us-east-1d
2023-12-17 03:47:44+00:00,c5a.2xlarge,Linux/UNIX,0.143200,us-east-1f
2023-12-17 00:32:16+00:00,c5a.2xlarge,Linux/UNIX,0.156400,us-east-1c
2023-12-16 23:47:36+00:00,c5a.2xlarge,Linux/UNIX,0.161200,us-east-1e
2023-12-16 23:32:09+00:00,c5a.2xlarge,Linux/UNIX,0.180300,us-east-1b
2023-12-16 20:47:06+00:00,c5a.2xlarge,Linux/UNIX,0.157300,us-east-1c
2023-12-16 20:32:36+00:00,c5a.2xlarge,Linux/UNIX,0.160600,us-east-1e
2023-12-16 19:17:23+00:00,c5a.2xlarge,Linux/UNIX,0.143600,us-east-1f
2023-12-16 19:02:27+00:00,c5a.2xlarge,Linux/UNIX,0.167600,us-east-1d
2023-12-16 16:32:41+00:00,c5a.2xlarge,Linux/UNIX,0.162000,us-east-1e
2023-12-16 15:03:57+00:00,c5a.2xlarge,Linux/UNIX,0.157900,us-east-1c
2023-12-16 15:03:57+00:00,c5a.2xlarge,Linux/UNIX,0.180000,us-east-1b
2023-12-16 14:17:33+00:00,c5a.2xlarge,Linux/UNIX,0.145500,us-east-1f
2023-12-16 10:31:54+00:00,c5a.2xlarge,Linux/UNIX,0.158700,us-east-1c
2023-12-16 08:17:59+00:00,c5a.2xlarge,Linux/UNIX,0.165600,us-east-1d
2023-12-16 07:47:00+00:00,c5a.2xlarge,Linux/UNIX,0.161700,us-east-1e
2023-12-16 07:02:14+00:00,c5a.2xlarge,Linux/UNIX,0.179700,us-east-1b
2023-12-16 06:47:27+00:00,c5a.2xlarge,Linux/UNIX,0.145300,us-east-1f
2023-12-16 02:02:49+00:00,c5a.2xlarge,Linux/UNIX,0.157900,us-east-1c
2023-12-16 02:02:49+00:00,c5a.2xlarge,Linux/UNIX,0.165500,us-east-1d
2023-12-15 23:47:04+00:00,c5a.2xlarge,Linux/UNIX,0.162800,us-east-1e
2023-12-15 23:01:57+00:00,c5a.2xlarge,Linux/UNIX,0.144600,us-east-1f
2023-12-15 20:02:28+00:00,c5a.2xlarge,Linux/UNIX,0.158200,us-east-1c
2023-12-15 19:17:31+00:00,c5a.2xlarge,Linux/UNIX,0.164700,us-east-1d
2023-12-15 18:18:00+00:00,c5a.2xlarge,Linux/UNIX,0.162400,us-east-1e
2023-12-15 16:02:28+00:00,c5a.2xlarge,Linux/UNIX,0.179400,us-east-1b
2023-12-15 14:17:24+00:00,c5a.2xlarge,Linux/UNIX,0.145700,us-east-1f
2023-12-15 11:32:26+00:00,c5a.2xlarge,Linux/UNIX,0.163300,us-east-1e
2023-12-15 11:17:25+00:00,c5a.2xlarge,Linux/UNIX,0.157800,us-east-1c
2023-12-15 10:47:30+00:00,c5a.2xlarge,Linux/UNIX,0.164300,us-east-1d
2023-12-15 10:17:26+00:00,c5a.2xlarge,Linux/UNIX,0.179000,us-east-1b
2023-12-15 09:17:26+00:00,c5a.2xlarge,Linux/UNIX,0.147600,us-east-1f
2023-12-15 07:32:31+00:00,c5a.2xlarge,Linux/UNIX,0.165100,us-east-1e
2023-12-15 06:02:30+00:00,c5a.2xlarge,Linux/UNIX,0.159400,us-east-1c
2023-12-15 05:47:41+00:00,c5a.2xlarge,Linux/UNIX,0.178500,us-east-1b
2023-12-15 02:01:58+00:00,c5a.2xlarge,Linux/UNIX,0.163800,us-east-1d
2023-12-15 01:32:29+00:00,c5a.2xlarge,Linux/UNIX,0.148600,us-east-1f
2023-12-14 22:32:47+00:00,c5a.2xlarge,Linux/UNIX,0.164400,us-east-1e
2023-12-14 22:32:47+00:00,c5a.2xlarge,Linux/UNIX,0.163200,us-east-1d
2023-12-14 22:02:30+00:00,c5a.2xlarge,Linux/UNIX,0.148900,us-east-1f
2023-12-14 21:47:03+00:00,c5a.2xlarge,Linux/UNIX,0.159100,us-east-1c
2023-12-14 21:47:03+00:00,c5a.2xlarge,Linux/UNIX,0.178100,us-east-1b
2023-12-14 17:32:25+00:00,c5a.2xlarge,Linux/UNIX,0.158800,us-east-1c
2023-12-14 17:17:28+00:00,c5a.2xlarge,Linux/UNIX,0.166300,us-east-1e
2023-12-14 17:01:54+00:00,c5a.2xlarge,Linux/UNIX,0.162800,us-east-1d
2023-12-14 14:17:30+00:00,c5a.2xlarge,Linux/UNIX,0.160400,us-east-1c
2023-12-14 14:02:27+00:00,c5a.2xlarge,Linux/UNIX,0.152000,us-east-1f
2023-12-14 12:17:08+00:00,c5a.2xlarge,Linux/UNIX,0.161200,us-east-1d
2023-12-14 09:02:29+00:00,c5a.2xlarge,Linux/UNIX,0.169000,us-east-1e
2023-12-14 08:32:26+00:00,c5a.2xlarge,Linux/UNIX,0.160000,us-east-1c
2023-12-14 07:17:20+00:00,c5a.2xlarge,Linux/UNIX,0.152900,us-east-1f
2023-12-14 06:02:00+00:00,c5a.2xlarge,Linux/UNIX,0.178000,us-east-1b
2023-12-14 05:17:36+00:00,c5a.2xlarge,Linux/UNIX,0.171000,us-east-1e
2023-12-14 03:47:44+00:00,c5a.2xlarge,Linux/UNIX,0.163400,us-east-1d
2023-12-14 02:47:23+00:00,c5a.2xlarge,Linux/UNIX,0.177700,us-east-1b
2023-12-14 01:17:59+00:00,c5a.2xlarge,Linux/UNIX,0.159900,us-east-1c
2023-12-13 23:47:28+00:00,c5a.2xlarge,Linux/UNIX,0.153500,us-east-1f
2023-12-13 23:47:28+00:00,c5a.2xlarge,Linux/UNIX,0.172200,us-east-1e
2023-12-13 21:32:31+00:00,c5a.2xlarge,Linux/UNIX,0.163800,us-east-1d
2023-12-13 17:47:32+00:00,c5a.2xlarge,Linux/UNIX,0.177600,us-east-1b
2023-12-13 16:48:02+00:00,c5a.2xlarge,Linux/UNIX,0.172600,us-east-1e
2023-12-13 16:32:26+00:00,c5a.2xlarge,Linux/UNIX,0.159600,us-east-1c
2023-12-13 16:32:26+00:00,c5a.2xlarge,Linux/UNIX,0.155100,us-east-1f
2023-12-13 14:17:25+00:00,c5a.2xlarge,Linux/UNIX,0.164500,us-east-1d
2023-12-13 11:47:30+00:00,c5a.2xlarge,Linux/UNIX,0.177400,us-east-1b
2023-12-13 09:48:57+00:00,c5a.2xlarge,Linux/UNIX,0.154900,us-east-1f
2023-12-13 07:47:37+00:00,c5a.2xlarge,Linux/UNIX,0.172400,us-east-1e
2023-12-13 06:17:43+00:00,c5a.2xlarge,Linux/UNIX,0.164900,us-east-1d
2023-12-13 06:17:07+00:00,c5a.2xlarge,Linux/UNIX,0.155200,us-east-1f
2023-12-13 03:47:34+00:00,c5a.2xlarge,Linux/UNIX,0.159100,us-east-1c
2023-12-13 02:47:38+00:00,c5a.2xlarge,Linux/UNIX,0.177300,us-east-1b
2023-12-13 02:02:18+00:00,c5a.2xlarge,Linux/UNIX,0.155400,us-east-1f
2023-12-12 23:32:32+00:00,c5a.2xlarge,Linux/UNIX,0.174500,us-east-1e
2023-12-12 23:17:26+00:00,c5a.2xlarge,Linux/UNIX,0.164600,us-east-1d
2023-12-12 22:47:43+00:00,c5a.2xlarge,Linux/UNIX,0.159500,us-east-1c
2023-12-12 22:47:43+00:00,c5a.2xlarge,Linux/UNIX,0.157600,us-east-1f
2023-12-12 22:47:43+00:00,c5a.2xlarge,Linux/UNIX,0.176800,us-east-1b
2023-12-12 17:32:32+00:00,c5a.2xlarge,Linux/UNIX,0.159800,us-east-1c
2023-12-12 16:32:41+00:00,c5a.2xlarge,Linux/UNIX,0.176400,us-east-1b
2023-12-12 15:17:28+00:00,c5a.2xlarge,Linux/UNIX,0.165900,us-east-1d
2023-12-12 14:47:49+00:00,c5a.2xlarge,Linux/UNIX,0.158700,us-east-1f
2023-12-12 14:47:49+00:00,c5a.2xlarge,Linux/UNIX,0.174700,us-east-1e
2023-12-12 13:47:31+00:00,c5a.2xlarge,Linux/UNIX,0.159200,us-east-1c
2023-12-12 09:19:02+00:00,c5a.2xlarge,Linux/UNIX,0.160400,us-east-1f
2023-12-12 08:47:40+00:00,c5a.2xlarge,Linux/UNIX,0.176500,us-east-1e
2023-12-12 08:32:29+00:00,c5a.2xlarge,Linux/UNIX,0.161000,us-east-1c
2023-12-12 08:17:39+00:00,c5a.2xlarge,Linux/UNIX,0.165100,us-east-1d
2023-12-12 07:32:32+00:00,c5a.2xlarge,Linux/UNIX,0.176000,us-east-1b
2023-12-12 05:17:27+00:00,c5a.2xlarge,Linux/UNIX,0.161900,us-east-1c
2023-12-12 03:32:46+00:00,c5a.2xlarge,Linux/UNIX,0.175800,us-east-1b
2023-12-12 03:02:27+00:00,c5a.2xlarge,Linux/UNIX,0.160700,us-east-1f
2023-12-12 01:47:26+00:00,c5a.2xlarge,Linux/UNIX,0.176100,us-east-1e
2023-12-11 23:47:47+00:00,c5a.2xlarge,Linux/UNIX,0.160300,us-east-1f
2023-12-11 23:32:32+00:00,c5a.2xlarge,Linux/UNIX,0.175400,us-east-1b
2023-12-11 23:32:32+00:00,c5a.2xlarge,Linux/UNIX,0.164600,us-east-1d
2023-12-11 22:02:42+00:00,c5a.2xlarge,Linux/UNIX,0.161800,us-east-1c
2023-12-11 18:32:42+00:00,c5a.2xlarge,Linux/UNIX,0.161900,us-east-1c
2023-12-11 17:32:47+00:00,c5a.2xlarge,Linux/UNIX,0.175000,us-east-1b
2023-12-11 17:17:19+00:00,c5a.2xlarge,Linux/UNIX,0.175500,us-east-1e
2023-12-11 16:02:20+00:00,c5a.2xlarge,Linux/UNIX,0.162800,us-east-1f
2023-12-11 15:17:51+00:00,c5a.2xlarge,Linux/UNIX,0.164000,us-east-1d
2023-12-11 12:02:21+00:00,c5a.2xlarge,Linux/UNIX,0.175900,us-east-1e
2023-12-11 11:32:50+00:00,c5a.2xlarge,Linux/UNIX,0.165000,us-east-1f
2023-12-11 10:17:41+00:00,c5a.2xlarge,Linux/UNIX,0.174500,us-east-1b
2023-12-11 08:02:22+00:00,c5a.2xlarge,Linux/UNIX,0.165600,us-east-1f
2023-12-11 07:17:27+00:00,c5a.2xlarge,Linux/UNIX,0.161400,us-east-1c
2023-12-11 06:17:29+00:00,c5a.2xlarge,Linux/UNIX,0.174000,us-east-1b
2023-12-11 06:17:29+00:00,c5a.2xlarge,Linux/UNIX,0.166000,us-east-1d
2023-12-11 03:02:23+00:00,c5a.2xlarge,Linux/UNIX,0.164900,us-east-1f
2023-12-11 01:18:04+00:00,c5a.2xlarge,Linux/UNIX,0.161900,us-east-1c
2023-12-11 01:02:16+00:00,c5a.2xlarge,Linux/UNIX,0.173700,us-east-1b
2023-12-11 00:17:39+00:00,c5a.2xlarge,Linux/UNIX,0.165800,us-east-1d
2023-12-10 21:17:52+00:00,c5a.2xlarge,Linux/UNIX,0.161800,us-east-1c
2023-12-10 19:02:21+00:00,c5a.2xlarge,Linux/UNIX,0.164400,us-east-1f
2023-12-10 18:47:47+00:00,c5a.2xlarge,Linux/UNIX,0.173500,us-east-1b
2023-12-10 18:32:33+00:00,c5a.2xlarge,Linux/UNIX,0.177400,us-east-1e
2023-12-10 17:02:47+00:00,c5a.2xlarge,Linux/UNIX,0.162700,us-east-1c
2023-12-10 14:02:39+00:00,c5a.2xlarge,Linux/UNIX,0.177900,us-east-1e
2023-12-10 13:04:27+00:00,c5a.2xlarge,Linux/UNIX,0.162000,us-east-1c
2023-12-10 12:47:42+00:00,c5a.2xlarge,Linux/UNIX,0.173400,us-east-1b
2023-12-10 10:17:36+00:00,c5a.2xlarge,Linux/UNIX,0.168000,us-east-1d
2023-12-10 10:02:33+00:00,c5a.2xlarge,Linux/UNIX,0.164200,us-east-1f
2023-12-10 09:32:22+00:00,c5a.2xlarge,Linux/UNIX,0.161400,us-east-1c
2023-12-10 07:47:22+00:00,c5a.2xlarge,Linux/UNIX,0.172900,us-east-1b
2023-12-10 07:32:20+00:00,c5a.2xlarge,Linux/UNIX,0.177600,us-east-1e
2023-12-10 03:34:32+00:00,c5a.2xlarge,Linux/UNIX,0.161300,us-east-1c
2023-12-10 03:02:27+00:00,c5a.2xlarge,Linux/UNIX,0.172600,us-east-1b
2023-12-10 01:17:19+00:00,c5a.2xlarge,Linux/UNIX,0.177300,us-east-1e
2023-12-09 23:47:27+00:00,c5a.2xlarge,Linux/UNIX,0.163800,us-east-1f
2023-12-09 23:02:16+00:00,c5a.2xlarge,Linux/UNIX,0.167400,us-east-1d
2023-12-09 22:02:30+00:00,c5a.2xlarge,Linux/UNIX,0.172500,us-east-1b
2023-12-09 19:47:17+00:00,c5a.2xlarge,Linux/UNIX,0.161000,us-east-1c
2023-12-09 17:17:29+00:00,c5a.2xlarge,Linux/UNIX,0.176900,us-east-1e
2023-12-09 16:17:44+00:00,c5a.2xlarge,Linux/UNIX,0.163700,us-east-1f
2023-12-09 15:17:50+00:00,c5a.2xlarge,Linux/UNIX,0.166600,us-east-1d
2023-12-09 12:17:32+00:00,c5a.2xlarge,Linux/UNIX,0.176600,us-east-1e
2023-12-09 11:47:28+00:00,c5a.2xlarge,Linux/UNIX,0.168200,us-east-1d
2023-12-09 11:19:17+00:00,c5a.2xlarge,Linux/UNIX,0.161100,us-east-1c
2023-12-09 10:32:24+00:00,c5a.2xlarge,Linux/UNIX,0.163600,us-east-1f
2023-12-09 08:17:33+00:00,c5a.2xlarge,Linux/UNIX,0.173000,us-east-1b
2023-12-09 08:17:33+00:00,c5a.2xlarge,Linux/UNIX,0.167800,us-east-1d
2023-12-09 06:17:42+00:00,c5a.2xlarge,Linux/UNIX,0.177200,us-east-1e
2023-12-09 04:47:50+00:00,c5a.2xlarge,Linux/UNIX,0.161200,us-east-1c
2023-12-09 02:17:48+00:00,c5a.2xlarge,Linux/UNIX,0.172400,us-east-1b
2023-12-09 02:02:19+00:00,c5a.2xlarge,Linux/UNIX,0.163200,us-east-1f
2023-12-09 00:47:18+00:00,c5a.2xlarge,Linux/UNIX,0.167300,us-east-1d
2023-12-08 21:47:19+00:00,c5a.2xlarge,Linux/UNIX,0.176700,us-east-1e
2023-12-08 21:02:31+00:00,c5a.2xlarge,Linux/UNIX,0.168600,us-east-1d
2023-12-08 20:33:02+00:00,c5a.2xlarge,Linux/UNIX,0.160000,us-east-1c
2023-12-08 18:17:16+00:00,c5a.2xlarge,Linux/UNIX,0.163100,us-east-1f
2023-12-08 18:02:54+00:00,c5a.2xlarge,Linux/UNIX,0.171700,us-east-1b
2023-12-08 15:02:21+00:00,c5a.2xlarge,Linux/UNIX,0.171200,us-east-1d
2023-12-08 14:02:22+00:00,c5a.2xlarge,Linux/UNIX,0.176600,us-east-1e
2023-12-08 13:02:20+00:00,c5a.2xlarge,Linux/UNIX,0.162000,us-east-1c
2023-12-08 11:02:19+00:00,c5a.2xlarge,Linux/UNIX,0.162900,us-east-1f
2023-12-08 09:32:25+00:00,c5a.2xlarge,Linux/UNIX,0.171500,us-east-1b
2023-12-08 08:02:20+00:00,c5a.2xlarge,Linux/UNIX,0.174800,us-east-1d
2023-12-08 06:17:17+00:00,c5a.2xlarge,Linux/UNIX,0.176500,us-east-1e
2023-12-08 05:02:18+00:00,c5a.2xlarge,Linux/UNIX,0.163300,us-east-1f
2023-12-08 02:17:54+00:00,c5a.2xlarge,Linux/UNIX,0.174100,us-east-1d
2023-12-08 01:32:39+00:00,c5a.2xlarge,Linux/UNIX,0.162700,us-east-1c
2023-12-07 22:47:43+00:00,c5a.2xlarge,Linux/UNIX,0.176100,us-east-1e
2023-12-07 21:18:16+00:00,c5a.2xlarge,Linux/UNIX,0.163100,us-east-1f
2023-12-07 21:18:16+00:00,c5a.2xlarge,Linux/UNIX,0.171400,us-east-1b
2023-12-07 19:17:10+00:00,c5a.2xlarge,Linux/UNIX,0.173600,us-east-1d
2023-12-07 17:47:39+00:00,c5a.2xlarge,Linux/UNIX,0.176000,us-east-1e
2023-12-07 17:17:08+00:00,c5a.2xlarge,Linux/UNIX,0.162600,us-east-1c
2023-12-07 15:02:46+00:00,c5a.2xlarge,Linux/UNIX,0.163000,us-east-1f
2023-12-07 13:32:36+00:00,c5a.2xlarge,Linux/UNIX,0.170800,us-east-1b
2023-12-07 13:02:09+00:00,c5a.2xlarge,Linux/UNIX,0.174600,us-east-1d
2023-12-07 09:32:43+00:00,c5a.2xlarge,Linux/UNIX,0.175600,us-east-1d
2023-12-07 09:17:08+00:00,c5a.2xlarge,Linux/UNIX,0.170700,us-east-1b
2023-12-07 09:02:14+00:00,c5a.2xlarge,Linux/UNIX,0.162800,us-east-1c
2023-12-07 09:02:14+00:00,c5a.2xlarge,Linux/UNIX,0.175800,us-east-1e
2023-12-07 05:02:36+00:00,c5a.2xlarge,Linux/UNIX,0.175300,us-east-1e
2023-12-07 02:47:43+00:00,c5a.2xlarge,Linux/UNIX,0.162600,us-east-1f
2023-12-07 02:47:43+00:00,c5a.2xlarge,Linux/UNIX,0.171700,us-east-1b
2023-12-07 01:02:37+00:00,c5a.2xlarge,Linux/UNIX,0.162900,us-east-1c
2023-12-07 00:32:07+00:00,c5a.2xlarge,Linux/UNIX,0.177200,us-east-1d
2023-12-06 22:47:37+00:00,c5a.2xlarge,Linux/UNIX,0.175000,us-east-1e
2023-12-06 21:17:30+00:00,c5a.2xlarge,Linux/UNIX,0.162200,us-east-1f
2023-12-06 20:47:31+00:00,c5a.2xlarge,Linux/UNIX,0.163000,us-east-1c
2023-12-06 20:02:56+00:00,c5a.2xlarge,Linux/UNIX,0.178200,us-east-1d
2023-12-06 18:17:32+00:00,c5a.2xlarge,Linux/UNIX,0.171600,us-east-1b
2023-12-06 15:17:05+00:00,c5a.2xlarge,Linux/UNIX,0.174800,us-east-1e
2023-12-06 12:32:34+00:00,c5a.2xlarge,Linux/UNIX,0.161900,us-east-1f
2023-12-06 11:47:31+00:00,c5a.2xlarge,Linux/UNIX,0.171100,us-east-1b
2023-12-06 11:32:29+00:00,c5a.2xlarge,Linux/UNIX,0.177600,us-east-1d
2023-12-06 10:02:31+00:00,c5a.2xlarge,Linux/UNIX,0.174300,us-east-1e
2023-12-06 08:31:58+00:00,c5a.2xlarge,Linux/UNIX,0.171000,us-east-1b
2023-12-06 08:02:37+00:00,c5a.2xlarge,Linux/UNIX,0.177000,us-east-1d
2023-12-06 05:32:29+00:00,c5a.2xlarge,Linux/UNIX,0.164200,us-east-1c
2023-12-06 04:47:30+00:00,c5a.2xlarge,Linux/UNIX,0.174100,us-east-1e
2023-12-06 04:17:00+00:00,c5a.2xlarge,Linux/UNIX,0.178200,us-east-1d
2023-12-06 03:32:39+00:00,c5a.2xlarge,Linux/UNIX,0.161600,us-east-1f
2023-12-06 02:02:34+00:00,c5a.2xlarge,Linux/UNIX,0.171500,us-east-1b
2023-12-05 23:17:35+00:00,c5a.2xlarge,Linux/UNIX,0.163500,us-east-1c
2023-12-05 20:17:56+00:00,c5a.2xlarge,Linux/UNIX,0.180500,us-east-1d
2023-12-05 20:02:24+00:00,c5a.2xlarge,Linux/UNIX,0.174000,us-east-1e
2023-12-05 19:32:27+00:00,c5a.2xlarge,Linux/UNIX,0.161200,us-east-1f
2023-12-05 19:17:28+00:00,c5a.2xlarge,Linux/UNIX,0.165200,us-east-1c
2023-12-05 19:02:32+00:00,c5a.2xlarge,Linux/UNIX,0.170900,us-east-1b
2023-12-05 17:02:16+00:00,c5a.2xlarge,Linux/UNIX,0.180200,us-east-1d
2023-12-05 15:32:45+00:00,c5a.2xlarge,Linux/UNIX,0.173500,us-east-1e
2023-12-05 13:02:18+00:00,c5a.2xlarge,Linux/UNIX,0.182300,us-east-1d
2023-12-05 12:47:14+00:00,c5a.2xlarge,Linux/UNIX,0.165100,us-east-1c
2023-12-05 12:02:21+00:00,c5a.2xlarge,Linux/UNIX,0.161100,us-east-1f
2023-12-05 10:47:23+00:00,c5a.2xlarge,Linux/UNIX,0.171000,us-east-1b
2023-12-05 07:32:38+00:00,c5a.2xlarge,Linux/UNIX,0.160800,us-east-1f
2023-12-05 07:02:33+00:00,c5a.2xlarge,Linux/UNIX,0.164500,us-east-1c
2023-12-05 06:32:16+00:00,c5a.2xlarge,Linux/UNIX,0.173000,us-east-1e
2023-12-05 05:47:17+00:00,c5a.2xlarge,Linux/UNIX,0.182100,us-east-1d
2023-12-05 04:32:33+00:00,c5a.2xlarge,Linux/UNIX,0.171400,us-east-1b
2023-12-05 01:47:21+00:00,c5a.2xlarge,Linux/UNIX,0.172700,us-east-1e
2023-12-05 01:02:24+00:00,c5a.2xlarge,Linux/UNIX,0.163900,us-east-1c
2023-12-04 23:17:26+00:00,c5a.2xlarge,Linux/UNIX,0.160700,us-east-1f
2023-12-04 23:02:18+00:00,c5a.2xlarge,Linux/UNIX,0.181400,us-east-1d
2023-12-04 22:02:19+00:00,c5a.2xlarge,Linux/UNIX,0.170900,us-east-1b
2023-12-04 19:32:34+00:00,c5a.2xlarge,Linux/UNIX,0.172400,us-east-1e
2023-12-04 19:02:19+00:00,c5a.2xlarge,Linux/UNIX,0.181900,us-east-1d
2023-12-04 18:02:16+00:00,c5a.2xlarge,Linux/UNIX,0.164000,us-east-1c
2023-12-04 16:17:20+00:00,c5a.2xlarge,Linux/UNIX,0.160400,us-east-1f
2023-12-04 14:47:18+00:00,c5a.2xlarge,Linux/UNIX,0.182100,us-east-1d
2023-12-04 13:32:15+00:00,c5a.2xlarge,Linux/UNIX,0.172200,us-east-1e
2023-12-04 13:02:14+00:00,c5a.2xlarge,Linux/UNIX,0.170700,us-east-1b
2023-12-04 11:32:38+00:00,c5a.2xlarge,Linux/UNIX,0.184000,us-east-1d
2023-12-04 09:32:17+00:00,c5a.2xlarge,Linux/UNIX,0.164200,us-east-1c
2023-12-04 06:47:21+00:00,c5a.2xlarge,Linux/UNIX,0.171900,us-east-1e
2023-12-04 04:17:21+00:00,c5a.2xlarge,Linux/UNIX,0.170300,us-east-1b
2023-12-04 00:47:18+00:00,c5a.2xlarge,Linux/UNIX,0.164600,us-east-1c
2023-12-03 22:02:18+00:00,c5a.2xlarge,Linux/UNIX,0.169800,us-east-1b
2023-12-03 21:17:16+00:00,c5a.2xlarge,Linux/UNIX,0.163800,us-east-1c
2023-12-03 20:47:35+00:00,c5a.2xlarge,Linux/UNIX,0.171600,us-east-1e
2023-12-03 19:47:18+00:00,c5a.2xlarge,Linux/UNIX,0.184700,us-east-1d
2023-12-03 17:02:48+00:00,c5a.2xlarge,Linux/UNIX,0.160000,us-east-1f
2023-12-03 15:47:13+00:00,c5a.2xlarge,Linux/UNIX,0.165100,us-east-1c
2023-12-03 14:32:55+00:00,c5a.2xlarge,Linux/UNIX,0.171400,us-east-1e
2023-12-03 14:02:15+00:00,c5a.2xlarge,Linux/UNIX,0.169000,us-east-1b
2023-12-03 12:32:18+00:00,c5a.2xlarge,Linux/UNIX,0.184200,us-east-1d
2023-12-03 10:47:15+00:00,c5a.2xlarge,Linux/UNIX,0.159700,us-east-1f
2023-12-03 10:18:03+00:00,c5a.2xlarge,Linux/UNIX,0.167100,us-east-1b
2023-12-03 10:02:31+00:00,c5a.2xlarge,Linux/UNIX,0.171300,us-east-1e
2023-12-03 07:32:19+00:00,c5a.2xlarge,Linux/UNIX,0.184100,us-east-1d
2023-12-03 07:02:33+00:00,c5a.2xlarge,Linux/UNIX,0.164100,us-east-1c
2023-12-03 04:47:51+00:00,c5a.2xlarge,Linux/UNIX,0.171000,us-east-1e
2023-12-03 02:32:24+00:00,c5a.2xlarge,Linux/UNIX,0.159600,us-east-1f
2023-12-03 01:47:30+00:00,c5a.2xlarge,Linux/UNIX,0.168300,us-east-1b
2023-12-03 01:02:31+00:00,c5a.2xlarge,Linux/UNIX,0.166300,us-east-1c
2023-12-03 00:47:35+00:00,c5a.2xlarge,Linux/UNIX,0.170600,us-east-1e
2023-12-02 21:47:58+00:00,c5a.2xlarge,Linux/UNIX,0.166600,us-east-1c
2023-12-02 21:17:15+00:00,c5a.2xlarge,Linux/UNIX,0.170200,us-east-1e
2023-12-02 19:47:14+00:00,c5a.2xlarge,Linux/UNIX,0.183800,us-east-1d
2023-12-02 18:32:21+00:00,c5a.2xlarge,Linux/UNIX,0.159300,us-east-1f
2023-12-02 18:02:33+00:00,c5a.2xlarge,Linux/UNIX,0.170000,us-east-1e
2023-12-02 17:17:17+00:00,c5a.2xlarge,Linux/UNIX,0.167700,us-east-1b
2023-12-02 15:02:29+00:00,c5a.2xlarge,Linux/UNIX,0.167200,us-east-1c
2023-12-02 14:32:38+00:00,c5a.2xlarge,Linux/UNIX,0.183700,us-east-1d
2023-12-02 12:47:47+00:00,c5a.2xlarge,Linux/UNIX,0.169700,us-east-1e
2023-12-02 12:17:14+00:00,c5a.2xlarge,Linux/UNIX,0.167800,us-east-1b
2023-12-02 10:47:37+00:00,c5a.2xlarge,Linux/UNIX,0.159200,us-east-1f
2023-12-02 09:17:33+00:00,c5a.2xlarge,Linux/UNIX,0.167400,us-east-1c
2023-12-02 07:17:33+00:00,c5a.2xlarge,Linux/UNIX,0.183600,us-east-1d
2023-12-02 06:32:37+00:00,c5a.2xlarge,Linux/UNIX,0.169500,us-east-1e
2023-12-02 05:02:22+00:00,c5a.2xlarge,Linux/UNIX,0.166400,us-east-1b
2023-12-02 04:02:14+00:00,c5a.2xlarge,Linux/UNIX,0.158800,us-east-1f
2023-12-02 03:02:17+00:00,c5a.2xlarge,Linux/UNIX,0.169400,us-east-1c
2023-12-02 01:32:33+00:00,c5a.2xlarge,Linux/UNIX,0.183100,us-east-1d
2023-12-02 01:17:16+00:00,c5a.2xlarge,Linux/UNIX,0.169400,us-east-1e
2023-12-01 22:17:26+00:00,c5a.2xlarge,Linux/UNIX,0.158700,us-east-1f
2023-12-01 21:47:22+00:00,c5a.2xlarge,Linux/UNIX,0.169100,us-east-1c
2023-12-01 21:47:22+00:00,c5a.2xlarge,Linux/UNIX,0.166000,us-east-1b
2023-12-01 17:47:17+00:00,c5a.2xlarge,Linux/UNIX,0.170000,us-east-1c
2023-12-01 17:32:17+00:00,c5a.2xlarge,Linux/UNIX,0.183000,us-east-1d
2023-12-01 16:17:26+00:00,c5a.2xlarge,Linux/UNIX,0.158600,us-east-1f
2023-12-01 14:32:21+00:00,c5a.2xlarge,Linux/UNIX,0.165700,us-east-1b
2023-12-01 13:17:18+00:00,c5a.2xlarge,Linux/UNIX,0.169200,us-east-1e
2023-12-01 11:47:14+00:00,c5a.2xlarge,Linux/UNIX,0.182600,us-east-1d
2023-12-01 10:47:22+00:00,c5a.2xlarge,Linux/UNIX,0.158300,us-east-1f
2023-12-01 10:32:16+00:00,c5a.2xlarge,Linux/UNIX,0.169800,us-east-1c
2023-12-01 09:17:18+00:00,c5a.2xlarge,Linux/UNIX,0.166200,us-east-1b
2023-12-01 06:47:15+00:00,c5a.2xlarge,Linux/UNIX,0.169100,us-east-1e
2023-12-01 06:32:15+00:00,c5a.2xlarge,Linux/UNIX,0.169400,us-east-1c
2023-12-01 06:02:15+00:00,c5a.2xlarge,Linux/UNIX,0.165800,us-east-1b
2023-12-01 05:32:28+00:00,c5a.2xlarge,Linux/UNIX,0.158200,us-east-1f
2023-12-01 04:47:16+00:00,c5a.2xlarge,Linux/UNIX,0.182400,us-east-1d
2023-11-30 23:17:18+00:00,c5a.2xlarge,Linux/UNIX,0.168800,us-east-1e
2023-11-30 22:17:33+00:00,c5a.2xlarge,Linux/UNIX,0.157900,us-east-1f
2023-11-30 21:47:13+00:00,c5a.2xlarge,Linux/UNIX,0.168800,us-east-1c
2023-11-30 21:47:13+00:00,c5a.2xlarge,Linux/UNIX,0.182200,us-east-1d
2023-11-30 21:02:16+00:00,c5a.2xlarge,Linux/UNIX,0.166200,us-east-1b
2023-11-30 18:17:17+00:00,c5a.2xlarge,Linux/UNIX,0.168300,us-east-1e
2023-11-30 17:17:17+00:00,c5a.2xlarge,Linux/UNIX,0.165700,us-east-1b
2023-11-30 17:17:17+00:00,c5a.2xlarge,Linux/UNIX,0.181900,us-east-1d
2023-11-30 15:47:14+00:00,c5a.2xlarge,Linux/UNIX,0.157700,us-east-1f
2023-11-30 13:17:17+00:00,c5a.2xlarge,Linux/UNIX,0.181800,us-east-1d
2023-11-30 12:47:40+00:00,c5a.2xlarge,Linux/UNIX,0.166500,us-east-1b
2023-11-30 12:17:20+00:00,c5a.2xlarge,Linux/UNIX,0.171000,us-east-1c
2023-11-30 10:17:14+00:00,c5a.2xlarge,Linux/UNIX,0.157600,us-east-1f
2023-11-30 05:17:14+00:00,c5a.2xlarge,Linux/UNIX,0.171700,us-east-1c
2023-11-30 04:32:15+00:00,c5a.2xlarge,Linux/UNIX,0.181400,us-east-1d
2023-11-30 03:17:44+00:00,c5a.2xlarge,Linux/UNIX,0.168100,us-east-1e
2023-11-30 01:32:18+00:00,c5a.2xlarge,Linux/UNIX,0.157500,us-east-1f
2023-11-30 00:32:23+00:00,c5a.2xlarge,Linux/UNIX,0.181100,us-east-1d
2023-11-29 22:32:18+00:00,c5a.2xlarge,Linux/UNIX,0.166400,us-east-1b
2023-11-29 20:17:18+00:00,c5a.2xlarge,Linux/UNIX,0.170900,us-east-1c
2023-11-29 19:47:26+00:00,c5a.2xlarge,Linux/UNIX,0.167800,us-east-1e
2023-11-29 17:47:16+00:00,c5a.2xlarge,Linux/UNIX,0.180600,us-east-1d
2023-11-29 17:17:15+00:00,c5a.2xlarge,Linux/UNIX,0.157300,us-east-1f
2023-11-29 17:02:18+00:00,c5a.2xlarge,Linux/UNIX,0.171300,us-east-1c
2023-11-29 16:17:14+00:00,c5a.2xlarge,Linux/UNIX,0.167100,us-east-1b
2023-11-29 14:17:16+00:00,c5a.2xlarge,Linux/UNIX,0.180300,us-east-1d
2023-11-29 13:17:30+00:00,c5a.2xlarge,Linux/UNIX,0.157000,us-east-1f
2023-11-29 13:02:23+00:00,c5a.2xlarge,Linux/UNIX,0.167500,us-east-1e
2023-11-29 11:47:17+00:00,c5a.2xlarge,Linux/UNIX,0.166500,us-east-1b
2023-11-29 10:02:13+00:00,c5a.2xlarge,Linux/UNIX,0.180200,us-east-1d
2023-11-29 08:32:16+00:00,c5a.2xlarge,Linux/UNIX,0.171800,us-east-1c
2023-11-29 08:17:16+00:00,c5a.2xlarge,Linux/UNIX,0.167200,us-east-1e
2023-11-29 06:47:17+00:00,c5a.2xlarge,Linux/UNIX,0.180100,us-east-1d
2023-11-29 06:32:24+00:00,c5a.2xlarge,Linux/UNIX,0.156900,us-east-1f
2023-11-29 05:02:16+00:00,c5a.2xlarge,Linux/UNIX,0.167300,us-east-1b
2023-11-29 04:32:15+00:00,c5a.2xlarge,Linux/UNIX,0.171500,us-east-1c
2023-11-29 00:32:16+00:00,c5a.2xlarge,Linux/UNIX,0.180000,us-east-1d
2023-11-29 00:02:16+00:00,c5a.2xlarge,Linux/UNIX,0.166700,us-east-1e
2023-11-28 23:32:15+00:00,c5a.2xlarge,Linux/UNIX,0.166700,us-east-1b
2023-11-28 21:47:23+00:00,c5a.2xlarge,Linux/UNIX,0.156800,us-east-1f
2023-11-28 20:02:48+00:00,c5a.2xlarge,Linux/UNIX,0.173000,us-east-1c
2023-11-28 19:02:47+00:00,c5a.2xlarge,Linux/UNIX,0.166300,us-east-1e
2023-11-28 18:02:24+00:00,c5a.2xlarge,Linux/UNIX,0.156500,us-east-1f
2023-11-28 15:47:16+00:00,c5a.2xlarge,Linux/UNIX,0.166800,us-east-1b
2023-11-28 14:02:19+00:00,c5a.2xlarge,Linux/UNIX,0.173300,us-east-1c
2023-11-28 12:47:15+00:00,c5a.2xlarge,Linux/UNIX,0.165800,us-east-1e
2023-11-28 12:47:15+00:00,c5a.2xlarge,Linux/UNIX,0.179900,us-east-1d
2023-11-28 11:02:50+00:00,c5a.2xlarge,Linux/UNIX,0.156100,us-east-1f
2023-11-28 08:17:35+00:00,c5a.2xlarge,Linux/UNIX,0.165600,us-east-1e
2023-11-28 08:17:35+00:00,c5a.2xlarge,Linux/UNIX,0.179600,us-east-1d
2023-11-28 07:32:16+00:00,c5a.2xlarge,Linux/UNIX,0.167400,us-east-1b
2023-11-28 06:17:53+00:00,c5a.2xlarge,Linux/UNIX,0.174500,us-east-1c
2023-11-28 04:32:16+00:00,c5a.2xlarge,Linux/UNIX,0.165500,us-east-1e
2023-11-28 02:32:27+00:00,c5a.2xlarge,Linux/UNIX,0.166900,us-east-1b
2023-11-28 02:17:51+00:00,c5a.2xlarge,Linux/UNIX,0.174100,us-east-1c
2023-11-28 02:17:51+00:00,c5a.2xlarge,Linux/UNIX,0.155900,us-east-1f
2023-11-28 00:32:17+00:00,c5a.2xlarge,Linux/UNIX,0.165400,us-east-1e
2023-11-28 00:17:46+00:00,c5a.2xlarge,Linux/UNIX,0.179500,us-east-1d
2023-11-27 21:17:14+00:00,c5a.2xlarge,Linux/UNIX,0.166600,us-east-1b
2023-11-27 20:02:51+00:00,c5a.2xlarge,Linux/UNIX,0.155600,us-east-1f
2023-11-27 19:02:27+00:00,c5a.2xlarge,Linux/UNIX,0.173600,us-east-1c
2023-11-27 19:02:27+00:00,c5a.2xlarge,Linux/UNIX,0.165100,us-east-1e
2023-11-27 18:02:47+00:00,c5a.2xlarge,Linux/UNIX,0.179300,us-east-1d
2023-11-27 14:47:18+00:00,c5a.2xlarge,Linux/UNIX,0.168100,us-east-1b
2023-11-27 12:47:15+00:00,c5a.2xlarge,Linux/UNIX,0.155400,us-east-1f
2023-11-27 11:17:18+00:00,c5a.2xlarge,Linux/UNIX,0.164900,us-east-1e
2023-11-27 11:02:16+00:00,c5a.2xlarge,Linux/UNIX,0.173300,us-east-1c
2023-11-27 09:02:17+00:00,c5a.2xlarge,Linux/UNIX,0.178900,us-east-1d
2023-11-27 08:02:13+00:00,c5a.2xlarge,Linux/UNIX,0.167700,us-east-1b
2023-11-27 06:47:29+00:00,c5a.2xlarge,Linux/UNIX,0.172500,us-east-1c
2023-11-27 04:47:22+00:00,c5a.2xlarge,Linux/UNIX,0.178700,us-east-1d
2023-11-27 04:17:21+00:00,c5a.2xlarge,Linux/UNIX,0.164800,us-east-1e
2023-11-27 03:47:23+00:00,c5a.2xlarge,Linux/UNIX,0.155000,us-east-1f
2023-11-27 01:17:23+00:00,c5a.2xlarge,Linux/UNIX,0.167300,us-east-1b
2023-11-26 23:02:15+00:00,c5a.2xlarge,Linux/UNIX,0.170000,us-east-1c
2023-11-26 21:47:22+00:00,c5a.2xlarge,Linux/UNIX,0.154900,us-east-1f
2023-11-26 21:17:47+00:00,c5a.2xlarge,Linux/UNIX,0.167400,us-east-1b
2023-11-26 20:02:33+00:00,c5a.2xlarge,Linux/UNIX,0.164500,us-east-1e
2023-11-26 18:32:18+00:00,c5a.2xlarge,Linux/UNIX,0.169900,us-east-1c
2023-11-26 18:17:32+00:00,c5a.2xlarge,Linux/UNIX,0.154600,us-east-1f
2023-11-26 17:32:34+00:00,c5a.2xlarge,Linux/UNIX,0.178300,us-east-1d
2023-11-26 15:32:21+00:00,c5a.2xlarge,Linux/UNIX,0.168400,us-east-1b
2023-11-26 12:32:28+00:00,c5a.2xlarge,Linux/UNIX,0.169800,us-east-1c
2023-11-26 12:02:12+00:00,c5a.2xlarge,Linux/UNIX,0.164100,us-east-1e
2023-11-26 10:17:17+00:00,c5a.2xlarge,Linux/UNIX,0.154400,us-east-1f
2023-11-26 10:17:17+00:00,c5a.2xlarge,Linux/UNIX,0.168000,us-east-1b
2023-11-26 10:17:17+00:00,c5a.2xlarge,Linux/UNIX,0.178200,us-east-1d
2023-11-26 06:47:38+00:00,c5a.2xlarge,Linux/UNIX,0.164000,us-east-1e
2023-11-26 06:17:23+00:00,c5a.2xlarge,Linux/UNIX,0.170100,us-east-1b
2023-11-26 04:32:19+00:00,c5a.2xlarge,Linux/UNIX,0.169500,us-east-1c
2023-11-26 03:17:24+00:00,c5a.2xlarge,Linux/UNIX,0.178000,us-east-1d
2023-11-26 00:17:21+00:00,c5a.2xlarge,Linux/UNIX,0.164400,us-east-1e
2023-11-26 00:02:19+00:00,c5a.2xlarge,Linux/UNIX,0.169300,us-east-1c
2023-11-26 00:02:19+00:00,c5a.2xlarge,Linux/UNIX,0.170700,us-east-1b
2023-11-25 23:02:26+00:00,c5a.2xlarge,Linux/UNIX,0.177600,us-east-1d
2023-11-25 21:02:14+00:00,c5a.2xlarge,Linux/UNIX,0.154300,us-east-1f
2023-11-25 19:02:47+00:00,c5a.2xlarge,Linux/UNIX,0.164200,us-east-1e
2023-11-25 18:47:29+00:00,c5a.2xlarge,Linux/UNIX,0.177300,us-east-1d
2023-11-25 17:47:12+00:00,c5a.2xlarge,Linux/UNIX,0.169200,us-east-1c
2023-11-25 17:17:18+00:00,c5a.2xlarge,Linux/UNIX,0.171800,us-east-1b
2023-11-25 15:32:14+00:00,c5a.2xlarge,Linux/UNIX,0.153900,us-east-1f
2023-11-25 13:47:46+00:00,c5a.2xlarge,Linux/UNIX,0.177000,us-east-1d
2023-11-25 13:32:21+00:00,c5a.2xlarge,Linux/UNIX,0.172000,us-east-1b
2023-11-25 08:32:17+00:00,c5a.2xlarge,Linux/UNIX,0.154600,us-east-1f
2023-11-25 06:47:22+00:00,c5a.2xlarge,Linux/UNIX,0.164000,us-east-1e
2023-11-25 06:32:17+00:00,c5a.2xlarge,Linux/UNIX,0.168700,us-east-1c
2023-11-25 06:02:15+00:00,c5a.2xlarge,Linux/UNIX,0.176900,us-east-1d
2023-11-25 05:47:15+00:00,c5a.2xlarge,Linux/UNIX,0.171800,us-east-1b
2023-11-25 05:17:21+00:00,c5a.2xlarge,Linux/UNIX,0.155700,us-east-1f
2023-11-24 23:47:53+00:00,c5a.2xlarge,Linux/UNIX,0.171900,us-east-1b
2023-11-24 23:47:53+00:00,c5a.2xlarge,Linux/UNIX,0.163700,us-east-1e
2023-11-24 22:02:15+00:00,c5a.2xlarge,Linux/UNIX,0.176800,us-east-1d
2023-11-24 20:47:15+00:00,c5a.2xlarge,Linux/UNIX,0.156200,us-east-1f
2023-11-24 18:17:14+00:00,c5a.2xlarge,Linux/UNIX,0.168300,us-east-1c
2023-11-24 17:47:17+00:00,c5a.2xlarge,Linux/UNIX,0.171200,us-east-1b
2023-11-24 17:17:49+00:00,c5a.2xlarge,Linux/UNIX,0.156100,us-east-1f
2023-11-24 15:32:12+00:00,c5a.2xlarge,Linux/UNIX,0.176600,us-east-1d
2023-11-24 14:47:43+00:00,c5a.2xlarge,Linux/UNIX,0.163200,us-east-1e
2023-11-24 12:32:17+00:00,c5a.2xlarge,Linux/UNIX,0.167900,us-east-1c
2023-11-24 11:47:19+00:00,c5a.2xlarge,Linux/UNIX,0.176200,us-east-1d
2023-11-24 11:32:13+00:00,c5a.2xlarge,Linux/UNIX,0.171300,us-east-1b
2023-11-24 09:02:13+00:00,c5a.2xlarge,Linux/UNIX,0.157000,us-east-1f
2023-11-24 06:47:18+00:00,c5a.2xlarge,Linux/UNIX,0.167700,us-east-1c
2023-11-24 06:47:18+00:00,c5a.2xlarge,Linux/UNIX,0.170800,us-east-1b
2023-11-24 06:32:45+00:00,c5a.2xlarge,Linux/UNIX,0.162800,us-east-1e
2023-11-24 04:02:24+00:00,c5a.2xlarge,Linux/UNIX,0.176100,us-east-1d
2023-11-24 02:32:18+00:00,c5a.2xlarge,Linux/UNIX,0.156800,us-east-1f
2023-11-24 02:17:23+00:00,c5a.2xlarge,Linux/UNIX,0.162400,us-east-1e
2023-11-24 00:47:20+00:00,c5a.2xlarge,Linux/UNIX,0.175600,us-east-1d
2023-11-23 23:47:30+00:00,c5a.2xlarge,Linux/UNIX,0.170600,us-east-1b
2023-11-23 22:47:15+00:00,c5a.2xlarge,Linux/UNIX,0.167500,us-east-1c
2023-11-23 22:47:15+00:00,c5a.2xlarge,Linux/UNIX,0.156400,us-east-1f
2023-11-23 20:02:42+00:00,c5a.2xlarge,Linux/UNIX,0.162000,us-east-1e
2023-11-23 18:47:34+00:00,c5a.2xlarge,Linux/UNIX,0.172200,us-east-1b
2023-11-23 18:32:33+00:00,c5a.2xlarge,Linux/UNIX,0.167200,us-east-1c
2023-11-23 16:32:14+00:00,c5a.2xlarge,Linux/UNIX,0.175300,us-east-1d
2023-11-23 16:02:18+00:00,c5a.2xlarge,Linux/UNIX,0.155700,us-east-1f
2023-11-23 12:32:25+00:00,c5a.2xlarge,Linux/UNIX,0.161600,us-east-1e
2023-11-23 11:32:23+00:00,c5a.2xlarge,Linux/UNIX,0.166900,us-east-1c
2023-11-23 11:02:15+00:00,c5a.2xlarge,Linux/UNIX,0.155000,us-east-1f
2023-11-23 10:32:15+00:00,c5a.2xlarge,Linux/UNIX,0.172000,us-east-1b
2023-11-23 08:47:14+00:00,c5a.2xlarge,Linux/UNIX,0.175100,us-east-1d
2023-11-23 08:32:11+00:00,c5a.2xlarge,Linux/UNIX,0.161300,us-east-1e
2023-11-23 05:32:16+00:00,c5a.2xlarge,Linux/UNIX,0.154400,us-east-1f
2023-11-23 05:17:21+00:00,c5a.2xlarge,Linux/UNIX,0.174900,us-east-1d
2023-11-23 04:02:27+00:00,c5a.2xlarge,Linux/UNIX,0.161200,us-east-1e
2023-11-23 02:47:14+00:00,c5a.2xlarge,Linux/UNIX,0.166400,us-east-1c
2023-11-23 02:17:19+00:00,c5a.2xlarge,Linux/UNIX,0.171300,us-east-1b
2023-11-23 02:02:14+00:00,c5a.2xlarge,Linux/UNIX,0.154300,us-east-1f
2023-11-22 21:02:30+00:00,c5a.2xlarge,Linux/UNIX,0.172300,us-east-1b
2023-11-22 20:32:16+00:00,c5a.2xlarge,Linux/UNIX,0.174800,us-east-1d
2023-11-22 18:32:25+00:00,c5a.2xlarge,Linux/UNIX,0.166200,us-east-1c
2023-11-22 17:32:18+00:00,c5a.2xlarge,Linux/UNIX,0.153000,us-east-1f
2023-11-22 14:32:18+00:00,c5a.2xlarge,Linux/UNIX,0.160700,us-east-1e
2023-11-22 13:47:36+00:00,c5a.2xlarge,Linux/UNIX,0.171800,us-east-1b
2023-11-22 13:17:16+00:00,c5a.2xlarge,Linux/UNIX,0.152900,us-east-1f
2023-11-22 12:32:18+00:00,c5a.2xlarge,Linux/UNIX,0.166100,us-east-1c
2023-11-22 11:17:28+00:00,c5a.2xlarge,Linux/UNIX,0.160500,us-east-1e
2023-11-22 09:32:14+00:00,c5a.2xlarge,Linux/UNIX,0.152000,us-east-1f
2023-11-22 08:47:17+00:00,c5a.2xlarge,Linux/UNIX,0.171300,us-east-1b
2023-11-22 08:02:23+00:00,c5a.2xlarge,Linux/UNIX,0.174500,us-east-1d
2023-11-22 06:32:17+00:00,c5a.2xlarge,Linux/UNIX,0.166000,us-east-1c
2023-11-22 05:02:16+00:00,c5a.2xlarge,Linux/UNIX,0.160400,us-east-1e
2023-11-22 03:47:15+00:00,c5a.2xlarge,Linux/UNIX,0.170600,us-east-1b
2023-11-22 01:17:15+00:00,c5a.2xlarge,Linux/UNIX,0.151100,us-east-1f
2023-11-21 23:32:14+00:00,c5a.2xlarge,Linux/UNIX,0.165700,us-east-1c
2023-11-21 22:47:49+00:00,c5a.2xlarge,Linux/UNIX,0.160100,us-east-1e
2023-11-21 21:17:18+00:00,c5a.2xlarge,Linux/UNIX,0.150500,us-east-1f
2023-11-21 20:32:43+00:00,c5a.2xlarge,Linux/UNIX,0.174300,us-east-1d
2023-11-21 19:47:17+00:00,c5a.2xlarge,Linux/UNIX,0.165300,us-east-1c
2023-11-21 19:17:18+00:00,c5a.2xlarge,Linux/UNIX,0.169900,us-east-1b
2023-11-21 15:02:17+00:00,c5a.2xlarge,Linux/UNIX,0.159900,us-east-1e
2023-11-21 14:02:16+00:00,c5a.2xlarge,Linux/UNIX,0.148300,us-east-1f
2023-11-21 13:02:14+00:00,c5a.2xlarge,Linux/UNIX,0.173900,us-east-1d
2023-11-21 11:02:14+00:00,c5a.2xlarge,Linux/UNIX,0.165000,us-east-1c
2023-11-21 10:47:15+00:00,c5a.2xlarge,Linux/UNIX,0.159500,us-east-1e
2023-11-21 10:17:23+00:00,c5a.2xlarge,Linux/UNIX,0.169100,us-east-1b
2023-11-21 06:02:14+00:00,c5a.2xlarge,Linux/UNIX,0.173800,us-east-1d
2023-11-21 05:17:16+00:00,c5a.2xlarge,Linux/UNIX,0.149300,us-east-1f
2023-11-21 04:47:28+00:00,c5a.2xlarge,Linux/UNIX,0.159200,us-east-1e
2023-11-21 04:32:26+00:00,c5a.2xlarge,Linux/UNIX,0.164500,us-east-1c
2023-11-21 02:32:20+00:00,c5a.2xlarge,Linux/UNIX,0.169400,us-east-1b
2023-11-21 02:02:14+00:00,c5a.2xlarge,Linux/UNIX,0.173700,us-east-1d
2023-11-20 22:47:16+00:00,c5a.2xlarge,Linux/UNIX,0.164100,us-east-1c
2023-11-20 22:32:16+00:00,c5a.2xlarge,Linux/UNIX,0.173400,us-east-1d
2023-11-20 22:17:13+00:00,c5a.2xlarge,Linux/UNIX,0.149800,us-east-1f
2023-11-20 20:47:28+00:00,c5a.2xlarge,Linux/UNIX,0.169200,us-east-1b
2023-11-20 20:47:28+00:00,c5a.2xlarge,Linux/UNIX,0.159000,us-east-1e
2023-11-20 15:02:18+00:00,c5a.2xlarge,Linux/UNIX,0.149100,us-east-1f
2023-11-20 15:02:18+00:00,c5a.2xlarge,Linux/UNIX,0.158800,us-east-1e
2023-11-20 14:02:27+00:00,c5a.2xlarge,Linux/UNIX,0.173200,us-east-1d
2023-11-20 13:02:16+00:00,c5a.2xlarge,Linux/UNIX,0.169000,us-east-1b
2023-11-20 11:17:34+00:00,c5a.2xlarge,Linux/UNIX,0.163700,us-east-1c
2023-11-20 09:32:21+00:00,c5a.2xlarge,Linux/UNIX,0.158600,us-east-1e
2023-11-20 08:17:20+00:00,c5a.2xlarge,Linux/UNIX,0.149500,us-east-1f
2023-11-20 06:17:34+00:00,c5a.2xlarge,Linux/UNIX,0.168700,us-east-1b
2023-11-20 05:32:29+00:00,c5a.2xlarge,Linux/UNIX,0.158700,us-east-1e
2023-11-20 03:02:13+00:00,c5a.2xlarge,Linux/UNIX,0.149000,us-east-1f
2023-11-20 01:32:34+00:00,c5a.2xlarge,Linux/UNIX,0.172900,us-east-1d
2023-11-19 22:32:13+00:00,c5a.2xlarge,Linux/UNIX,0.158600,us-east-1e
2023-11-19 22:02:15+00:00,c5a.2xlarge,Linux/UNIX,0.168600,us-east-1b
2023-11-19 20:47:42+00:00,c5a.2xlarge,Linux/UNIX,0.163200,us-east-1c
2023-11-19 20:02:16+00:00,c5a.2xlarge,Linux/UNIX,0.148700,us-east-1f
2023-11-19 19:02:14+00:00,c5a.2xlarge,Linux/UNIX,0.172500,us-east-1d
2023-11-19 16:47:17+00:00,c5a.2xlarge,Linux/UNIX,0.158100,us-east-1e
2023-11-19 16:32:22+00:00,c5a.2xlarge,Linux/UNIX,0.168500,us-east-1b
2023-11-19 13:32:21+00:00,c5a.2xlarge,Linux/UNIX,0.163100,us-east-1c
2023-11-19 12:02:28+00:00,c5a.2xlarge,Linux/UNIX,0.148500,us-east-1f
2023-11-19 10:17:17+00:00,c5a.2xlarge,Linux/UNIX,0.169000,us-east-1b
2023-11-19 10:17:17+00:00,c5a.2xlarge,Linux/UNIX,0.172300,us-east-1d
2023-11-19 10:02:13+00:00,c5a.2xlarge,Linux/UNIX,0.158900,us-east-1e
2023-11-19 06:47:16+00:00,c5a.2xlarge,Linux/UNIX,0.149200,us-east-1f
2023-11-19 04:32:21+00:00,c5a.2xlarge,Linux/UNIX,0.156900,us-east-1e
2023-11-19 01:47:15+00:00,c5a.2xlarge,Linux/UNIX,0.150900,us-east-1f
2023-11-19 01:17:27+00:00,c5a.2xlarge,Linux/UNIX,0.171900,us-east-1d
2023-11-19 01:02:16+00:00,c5a.2xlarge,Linux/UNIX,0.162800,us-east-1c
2023-11-18 23:02:17+00:00,c5a.2xlarge,Linux/UNIX,0.168500,us-east-1b
2023-11-18 23:02:17+00:00,c5a.2xlarge,Linux/UNIX,0.158600,us-east-1e
2023-11-18 20:32:20+00:00,c5a.2xlarge,Linux/UNIX,0.150600,us-east-1f
2023-11-18 18:47:24+00:00,c5a.2xlarge,Linux/UNIX,0.171600,us-east-1d
2023-11-18 16:32:15+00:00,c5a.2xlarge,Linux/UNIX,0.168100,us-east-1b
2023-11-18 16:17:15+00:00,c5a.2xlarge,Linux/UNIX,0.162300,us-east-1c
2023-11-18 14:32:26+00:00,c5a.2xlarge,Linux/UNIX,0.150200,us-east-1f
2023-11-18 14:02:15+00:00,c5a.2xlarge,Linux/UNIX,0.157900,us-east-1e
2023-11-18 14:02:15+00:00,c5a.2xlarge,Linux/UNIX,0.172100,us-east-1d
2023-11-18 13:02:45+00:00,c5a.2xlarge,Linux/UNIX,0.167700,us-east-1b
2023-11-18 08:02:22+00:00,c5a.2xlarge,Linux/UNIX,0.150100,us-east-1f
2023-11-18 08:02:22+00:00,c5a.2xlarge,Linux/UNIX,0.167500,us-east-1b
2023-11-18 07:32:33+00:00,c5a.2xlarge,Linux/UNIX,0.157400,us-east-1e
2023-11-18 07:17:36+00:00,c5a.2xlarge,Linux/UNIX,0.162200,us-east-1c
2023-11-18 06:02:14+00:00,c5a.2xlarge,Linux/UNIX,0.171600,us-east-1d
2023-11-18 02:17:15+00:00,c5a.2xlarge,Linux/UNIX,0.157100,us-east-1e
2023-11-18 01:17:14+00:00,c5a.2xlarge,Linux/UNIX,0.167400,us-east-1b
2023-11-18 00:32:15+00:00,c5a.2xlarge,Linux/UNIX,0.171700,us-east-1d
2023-11-18 00:17:30+00:00,c5a.2xlarge,Linux/UNIX,0.148800,us-east-1f
2023-11-17 22:17:11+00:00,c5a.2xlarge,Linux/UNIX,0.162100,us-east-1c
2023-11-17 20:17:26+00:00,c5a.2xlarge,Linux/UNIX,0.167100,us-east-1b
2023-11-17 19:48:04+00:00,c5a.2xlarge,Linux/UNIX,0.156500,us-east-1e
2023-11-17 17:03:46+00:00,c5a.2xlarge,Linux/UNIX,0.172200,us-east-1d
2023-11-17 15:32:45+00:00,c5a.2xlarge,Linux/UNIX,0.147800,us-east-1f
2023-11-17 15:02:54+00:00,c5a.2xlarge,Linux/UNIX,0.161900,us-east-1c
2023-11-17 13:02:17+00:00,c5a.2xlarge,Linux/UNIX,0.155000,us-east-1e
2023-11-17 12:02:18+00:00,c5a.2xlarge,Linux/UNIX,0.172000,us-east-1d
2023-11-17 08:02:45+00:00,c5a.2xlarge,Linux/UNIX,0.146600,us-east-1f
2023-11-17 07:17:19+00:00,c5a.2xlarge,Linux/UNIX,0.161800,us-east-1c
2023-11-17 06:47:14+00:00,c5a.2xlarge,Linux/UNIX,0.153400,us-east-1e
2023-11-17 04:32:12+00:00,c5a.2xlarge,Linux/UNIX,0.171600,us-east-1d
2023-11-17 02:47:23+00:00,c5a.2xlarge,Linux/UNIX,0.166700,us-east-1b
2023-11-17 01:02:28+00:00,c5a.2xlarge,Linux/UNIX,0.153100,us-east-1e
2023-11-17 00:47:46+00:00,c5a.2xlarge,Linux/UNIX,0.147600,us-east-1f
2023-11-17 00:17:48+00:00,c5a.2xlarge,Linux/UNIX,0.161600,us-east-1c
2023-11-16 22:17:14+00:00,c5a.2xlarge,Linux/UNIX,0.166500,us-east-1b
2023-11-16 20:17:16+00:00,c5a.2xlarge,Linux/UNIX,0.171300,us-east-1d
2023-11-16 17:02:16+00:00,c5a.2xlarge,Linux/UNIX,0.154500,us-east-1e
2023-11-16 16:32:16+00:00,c5a.2xlarge,Linux/UNIX,0.149000,us-east-1f
2023-11-16 15:32:17+00:00,c5a.2xlarge,Linux/UNIX,0.161200,us-east-1c
2023-11-16 15:02:13+00:00,c5a.2xlarge,Linux/UNIX,0.166000,us-east-1b
2023-11-16 11:47:49+00:00,c5a.2xlarge,Linux/UNIX,0.171400,us-east-1d
2023-11-16 10:32:19+00:00,c5a.2xlarge,Linux/UNIX,0.148900,us-east-1f
2023-11-16 09:47:15+00:00,c5a.2xlarge,Linux/UNIX,0.155800,us-east-1e
2023-11-16 08:32:32+00:00,c5a.2xlarge,Linux/UNIX,0.171700,us-east-1d
2023-11-16 08:02:15+00:00,c5a.2xlarge,Linux/UNIX,0.160800,us-east-1c
2023-11-16 05:17:19+00:00,c5a.2xlarge,Linux/UNIX,0.158000,us-east-1e
2023-11-16 01:47:39+00:00,c5a.2xlarge,Linux/UNIX,0.150700,us-east-1f
2023-11-16 01:02:21+00:00,c5a.2xlarge,Linux/UNIX,0.171600,us-east-1d
2023-11-16 00:32:22+00:00,c5a.2xlarge,Linux/UNIX,0.160700,us-east-1c
2023-11-15 23:17:18+00:00,c5a.2xlarge,Linux/UNIX,0.165600,us-east-1b
2023-11-15 23:17:18+00:00,c5a.2xlarge,Linux/UNIX,0.157900,us-east-1e
2023-11-15 18:17:15+00:00,c5a.2xlarge,Linux/UNIX,0.152700,us-east-1f
2023-11-15 17:02:14+00:00,c5a.2xlarge,Linux/UNIX,0.165300,us-east-1b
2023-11-15 17:02:14+00:00,c5a.2xlarge,Linux/UNIX,0.157800,us-east-1e
2023-11-15 16:47:26+00:00,c5a.2xlarge,Linux/UNIX,0.160600,us-east-1c
2023-11-15 13:02:11+00:00,c5a.2xlarge,Linux/UNIX,0.160300,us-east-1c
2023-11-15 11:32:26+00:00,c5a.2xlarge,Linux/UNIX,0.165100,us-east-1b
2023-11-15 11:32:26+00:00,c5a.2xlarge,Linux/UNIX,0.171500,us-east-1d
2023-11-15 09:17:23+00:00,c5a.2xlarge,Linux/UNIX,0.151900,us-east-1f
2023-11-15 06:02:16+00:00,c5a.2xlarge,Linux/UNIX,0.171100,us-east-1d
2023-11-15 04:47:26+00:00,c5a.2xlarge,Linux/UNIX,0.153200,us-east-1f
2023-11-15 04:02:15+00:00,c5a.2xlarge,Linux/UNIX,0.157700,us-east-1e
2023-11-15 02:47:23+00:00,c5a.2xlarge,Linux/UNIX,0.164700,us-east-1b
2023-11-15 01:32:40+00:00,c5a.2xlarge,Linux/UNIX,0.157000,us-east-1f
2023-11-15 00:32:44+00:00,c5a.2xlarge,Linux/UNIX,0.170700,us-east-1d
2023-11-14 22:47:17+00:00,c5a.2xlarge,Linux/UNIX,0.157200,us-east-1e
2023-11-14 22:32:27+00:00,c5a.2xlarge,Linux/UNIX,0.164600,us-east-1b
2023-11-14 22:02:28+00:00,c5a.2xlarge,Linux/UNIX,0.159900,us-east-1c
2023-11-14 21:47:31+00:00,c5a.2xlarge,Linux/UNIX,0.157100,us-east-1f
2023-11-14 16:47:28+00:00,c5a.2xlarge,Linux/UNIX,0.159800,us-east-1c
2023-11-14 16:47:28+00:00,c5a.2xlarge,Linux/UNIX,0.170300,us-east-1d
2023-11-14 15:02:26+00:00,c5a.2xlarge,Linux/UNIX,0.159200,us-east-1f
2023-11-14 15:02:26+00:00,c5a.2xlarge,Linux/UNIX,0.159100,us-east-1e
2023-11-14 12:02:59+00:00,c5a.2xlarge,Linux/UNIX,0.164200,us-east-1b
2023-11-14 11:02:24+00:00,c5a.2xlarge,Linux/UNIX,0.159900,us-east-1e
2023-11-14 07:54:23+00:00,c5a.2xlarge,Linux/UNIX,0.159700,us-east-1c
2023-11-14 07:54:23+00:00,c5a.2xlarge,Linux/UNIX,0.160800,us-east-1f
2023-11-14 07:54:23+00:00,c5a.2xlarge,Linux/UNIX,0.164100,us-east-1b
2023-11-14 04:17:41+00:00,c5a.2xlarge,Linux/UNIX,0.160400,us-east-1f
2023-11-14 03:32:26+00:00,c5a.2xlarge,Linux/UNIX,0.159700,us-east-1e
2023-11-14 03:02:37+00:00,c5a.2xlarge,Linux/UNIX,0.170100,us-east-1d
2023-11-14 02:17:26+00:00,c5a.2xlarge,Linux/UNIX,0.159600,us-east-1c
2023-11-14 00:17:44+00:00,c5a.2xlarge,Linux/UNIX,0.163900,us-east-1b
2023-11-13 22:17:25+00:00,c5a.2xlarge,Linux/UNIX,0.160100,us-east-1f
2023-11-13 21:32:26+00:00,c5a.2xlarge,Linux/UNIX,0.169900,us-east-1d
2023-11-13 19:47:29+00:00,c5a.2xlarge,Linux/UNIX,0.159300,us-east-1e
2023-11-13 17:18:26+00:00,c5a.2xlarge,Linux/UNIX,0.159500,us-east-1c
2023-11-13 16:02:54+00:00,c5a.2xlarge,Linux/UNIX,0.163600,us-east-1b
2023-11-13 15:48:04+00:00,c5a.2xlarge,Linux/UNIX,0.160200,us-east-1f
2023-11-13 13:17:54+00:00,c5a.2xlarge,Linux/UNIX,0.160400,us-east-1e
2023-11-13 13:17:35+00:00,c5a.2xlarge,Linux/UNIX,0.169700,us-east-1d
2023-11-13 10:02:30+00:00,c5a.2xlarge,Linux/UNIX,0.163500,us-east-1b
2023-11-13 08:17:54+00:00,c5a.2xlarge,Linux/UNIX,0.169200,us-east-1d
2023-11-13 08:02:26+00:00,c5a.2xlarge,Linux/UNIX,0.159900,us-east-1f
2023-11-13 05:47:43+00:00,c5a.2xlarge,Linux/UNIX,0.161400,us-east-1e
2023-11-13 04:47:41+00:00,c5a.2xlarge,Linux/UNIX,0.159300,us-east-1c
2023-11-13 03:17:31+00:00,c5a.2xlarge,Linux/UNIX,0.163200,us-east-1b
2023-11-13 02:17:58+00:00,c5a.2xlarge,Linux/UNIX,0.160100,us-east-1f
2023-11-13 02:02:30+00:00,c5a.2xlarge,Linux/UNIX,0.163200,us-east-1e
2023-11-13 01:47:57+00:00,c5a.2xlarge,Linux/UNIX,0.168700,us-east-1d
2023-11-12 23:18:02+00:00,c5a.2xlarge,Linux/UNIX,0.163100,us-east-1b
2023-11-12 22:47:54+00:00,c5a.2xlarge,Linux/UNIX,0.159100,us-east-1c
2023-11-12 20:02:30+00:00,c5a.2xlarge,Linux/UNIX,0.164000,us-east-1e
2023-11-12 19:48:21+00:00,c5a.2xlarge,Linux/UNIX,0.160000,us-east-1f
2023-11-12 19:16:54+00:00,c5a.2xlarge,Linux/UNIX,0.158700,us-east-1c
2023-11-12 19:16:54+00:00,c5a.2xlarge,Linux/UNIX,0.163000,us-east-1b
2023-11-12 15:17:27+00:00,c5a.2xlarge,Linux/UNIX,0.162800,us-east-1b
2023-11-12 14:47:25+00:00,c5a.2xlarge,Linux/UNIX,0.158100,us-east-1c
2023-11-12 13:17:53+00:00,c5a.2xlarge,Linux/UNIX,0.169000,us-east-1d
2023-11-12 11:47:24+00:00,c5a.2xlarge,Linux/UNIX,0.159900,us-east-1f
2023-11-12 11:47:24+00:00,c5a.2xlarge,Linux/UNIX,0.166500,us-east-1e
2023-11-12 09:17:35+00:00,c5a.2xlarge,Linux/UNIX,0.162700,us-east-1b
2023-11-12 07:32:53+00:00,c5a.2xlarge,Linux/UNIX,0.161300,us-east-1f
2023-11-12 07:17:30+00:00,c5a.2xlarge,Linux/UNIX,0.168900,us-east-1d
2023-11-12 06:17:34+00:00,c5a.2xlarge,Linux/UNIX,0.157500,us-east-1c
2023-11-12 04:17:32+00:00,c5a.2xlarge,Linux/UNIX,0.166200,us-east-1e
2023-11-12 03:17:33+00:00,c5a.2xlarge,Linux/UNIX,0.162300,us-east-1b
2023-11-12 02:47:47+00:00,c5a.2xlarge,Linux/UNIX,0.163700,us-east-1f
2023-11-12 00:47:27+00:00,c5a.2xlarge,Linux/UNIX,0.157700,us-east-1c
2023-11-11 23:47:55+00:00,c5a.2xlarge,Linux/UNIX,0.166000,us-east-1e
2023-11-11 20:32:38+00:00,c5a.2xlarge,Linux/UNIX,0.161900,us-east-1b
2023-11-11 20:17:26+00:00,c5a.2xlarge,Linux/UNIX,0.157800,us-east-1c
2023-11-11 19:47:27+00:00,c5a.2xlarge,Linux/UNIX,0.168700,us-east-1d
2023-11-11 19:18:33+00:00,c5a.2xlarge,Linux/UNIX,0.167700,us-east-1e
2023-11-11 18:17:54+00:00,c5a.2xlarge,Linux/UNIX,0.163800,us-east-1f
